{
  "lang":"vi",
  "name":"pipeline",
  "version":"0.0.0",
  "spacy_version":">=3.2.0,<3.3.0",
  "description":"",
  "author":"",
  "email":"",
  "url":"",
  "license":"",
  "spacy_git_version":"0fc3dee77",
  "vectors":{
    "width":0,
    "vectors":0,
    "keys":0,
    "name":null,
    "mode":"default"
  },
  "labels":{
    "tok2vec":[

    ],
    "ner":[
      "AGE",
      "DATE",
      "GENDER",
      "JOB",
      "LOCATION",
      "NAME",
      "ORGANIZATION",
      "PATIENT_ID",
      "SYMPTOM_AND_DISEASE",
      "TRANSPORTATION"
    ]
  },
  "pipeline":[
    "tok2vec",
    "ner"
  ],
  "components":[
    "tok2vec",
    "ner"
  ],
  "disabled":[

  ],
  "performance":{
    "ents_f":0.9165373457,
    "ents_p":0.9249625494,
    "ents_r":0.9082642418,
    "ents_per_type":{
      "ORGANIZATION":{
        "p":0.8352272727,
        "r":0.8003629764,
        "f":0.8174235403
      },
      "DATE":{
        "p":0.9792792793,
        "r":0.985494107,
        "f":0.982376864
      },
      "SYMPTOM_AND_DISEASE":{
        "p":0.8530612245,
        "r":0.818537859,
        "f":0.835443038
      },
      "PATIENT_ID":{
        "p":0.9758566978,
        "r":0.9819749216,
        "f":0.97890625
      },
      "GENDER":{
        "p":0.872909699,
        "r":0.9422382671,
        "f":0.90625
      },
      "AGE":{
        "p":0.9461756374,
        "r":0.9252077562,
        "f":0.9355742297
      },
      "JOB":{
        "p":0.8375,
        "r":0.5075757576,
        "f":0.6320754717
      },
      "LOCATION":{
        "p":0.9227340267,
        "r":0.9075630252,
        "f":0.9150856511
      },
      "NAME":{
        "p":0.9117647059,
        "r":0.8244680851,
        "f":0.8659217877
      },
      "TRANSPORTATION":{
        "p":0.902173913,
        "r":0.9540229885,
        "f":0.9273743017
      }
    },
    "tok2vec_loss":943.7384465981,
    "ner_loss":540.2127028666
  }
}