{
  "lang":"vi",
  "name":"pipeline",
  "version":"0.0.0",
  "spacy_version":">=3.2.0,<3.3.0",
  "description":"",
  "author":"",
  "email":"",
  "url":"",
  "license":"",
  "spacy_git_version":"0fc3dee77",
  "vectors":{
    "width":0,
    "vectors":0,
    "keys":0,
    "name":null,
    "mode":"default"
  },
  "labels":{
    "tok2vec":[

    ],
    "ner":[
      "AGE",
      "DATE",
      "GENDER",
      "JOB",
      "LOCATION",
      "NAME",
      "ORGANIZATION",
      "PATIENT_ID",
      "SYMPTOM_AND_DISEASE",
      "TRANSPORTATION"
    ]
  },
  "pipeline":[
    "tok2vec",
    "ner"
  ],
  "components":[
    "tok2vec",
    "ner"
  ],
  "disabled":[

  ],
  "performance":{
    "ents_f":0.9173681729,
    "ents_p":0.9240265907,
    "ents_r":0.9108050281,
    "ents_per_type":{
      "ORGANIZATION":{
        "p":0.8538011696,
        "r":0.7949183303,
        "f":0.8233082707
      },
      "DATE":{
        "p":0.9740608229,
        "r":0.9873073436,
        "f":0.9806393516
      },
      "SYMPTOM_AND_DISEASE":{
        "p":0.8583333333,
        "r":0.8067885117,
        "f":0.8317631225
      },
      "PATIENT_ID":{
        "p":0.9789391576,
        "r":0.9835423197,
        "f":0.9812353401
      },
      "GENDER":{
        "p":0.926199262,
        "r":0.9061371841,
        "f":0.9160583942
      },
      "AGE":{
        "p":0.9322033898,
        "r":0.9141274238,
        "f":0.9230769231
      },
      "JOB":{
        "p":0.7682926829,
        "r":0.4772727273,
        "f":0.5887850467
      },
      "LOCATION":{
        "p":0.9130277878,
        "r":0.9243697479,
        "f":0.9186637618
      },
      "NAME":{
        "p":0.9022988506,
        "r":0.835106383,
        "f":0.8674033149
      },
      "TRANSPORTATION":{
        "p":0.9302325581,
        "r":0.9195402299,
        "f":0.9248554913
      }
    },
    "tok2vec_loss":992.1544040862,
    "ner_loss":745.5247781123
  }
}