{
  "lang":"vi",
  "name":"pipeline",
  "version":"0.0.0",
  "spacy_version":">=3.2.0,<3.3.0",
  "description":"",
  "author":"",
  "email":"",
  "url":"",
  "license":"",
  "spacy_git_version":"0fc3dee77",
  "vectors":{
    "width":0,
    "vectors":0,
    "keys":0,
    "name":null,
    "mode":"default"
  },
  "labels":{
    "tok2vec":[

    ],
    "ner":[
      "AGE",
      "DATE",
      "GENDER",
      "JOB",
      "LOCATION",
      "NAME",
      "ORGANIZATION",
      "PATIENT_ID",
      "SYMPTOM_AND_DISEASE",
      "TRANSPORTATION"
    ]
  },
  "pipeline":[
    "tok2vec",
    "ner"
  ],
  "components":[
    "tok2vec",
    "ner"
  ],
  "disabled":[

  ],
  "performance":{
    "ents_f":0.9175375902,
    "ents_p":0.9253365973,
    "ents_r":0.9098689489,
    "ents_per_type":{
      "ORGANIZATION":{
        "p":0.845703125,
        "r":0.7858439201,
        "f":0.8146754468
      },
      "DATE":{
        "p":0.973967684,
        "r":0.9836808704,
        "f":0.9788001804
      },
      "SYMPTOM_AND_DISEASE":{
        "p":0.8591954023,
        "r":0.7806788512,
        "f":0.8180574555
      },
      "PATIENT_ID":{
        "p":0.9780564263,
        "r":0.9780564263,
        "f":0.9780564263
      },
      "GENDER":{
        "p":0.9184397163,
        "r":0.9350180505,
        "f":0.9266547406
      },
      "AGE":{
        "p":0.9033942559,
        "r":0.9584487535,
        "f":0.9301075269
      },
      "JOB":{
        "p":0.7295081967,
        "r":0.6742424242,
        "f":0.7007874016
      },
      "LOCATION":{
        "p":0.9279112754,
        "r":0.9170624772,
        "f":0.9224549798
      },
      "NAME":{
        "p":0.8806818182,
        "r":0.8244680851,
        "f":0.8516483516
      },
      "TRANSPORTATION":{
        "p":0.9310344828,
        "r":0.9310344828,
        "f":0.9310344828
      }
    },
    "tok2vec_loss":1736.4849590116,
    "ner_loss":1163.3671001716
  }
}