{
  "lang":"vi",
  "name":"pipeline",
  "version":"0.0.0",
  "spacy_version":">=3.2.0,<3.3.0",
  "description":"",
  "author":"",
  "email":"",
  "url":"",
  "license":"",
  "spacy_git_version":"0fc3dee77",
  "vectors":{
    "width":0,
    "vectors":0,
    "keys":0,
    "name":null,
    "mode":"default"
  },
  "labels":{
    "tok2vec":[

    ],
    "ner":[
      "AGE",
      "DATE",
      "GENDER",
      "JOB",
      "LOCATION",
      "NAME",
      "ORGANIZATION",
      "PATIENT_ID",
      "SYMPTOM_AND_DISEASE",
      "TRANSPORTATION"
    ]
  },
  "pipeline":[
    "tok2vec",
    "ner"
  ],
  "components":[
    "tok2vec",
    "ner"
  ],
  "disabled":[

  ],
  "performance":{
    "ents_f":0.9177935467,
    "ents_p":0.9189008043,
    "ents_r":0.9166889543,
    "ents_per_type":{
      "ORGANIZATION":{
        "p":0.8630952381,
        "r":0.7894736842,
        "f":0.8246445498
      },
      "DATE":{
        "p":0.96886121,
        "r":0.9873073436,
        "f":0.9779973058
      },
      "SYMPTOM_AND_DISEASE":{
        "p":0.8168831169,
        "r":0.8211488251,
        "f":0.8190104167
      },
      "PATIENT_ID":{
        "p":0.9795436664,
        "r":0.9757053292,
        "f":0.9776207303
      },
      "GENDER":{
        "p":0.9034482759,
        "r":0.9458483755,
        "f":0.9241622575
      },
      "AGE":{
        "p":0.8911392405,
        "r":0.9750692521,
        "f":0.9312169312
      },
      "JOB":{
        "p":0.619047619,
        "r":0.6893939394,
        "f":0.6523297491
      },
      "LOCATION":{
        "p":0.9314306894,
        "r":0.9181585678,
        "f":0.9247470101
      },
      "NAME":{
        "p":0.9122807018,
        "r":0.829787234,
        "f":0.8690807799
      },
      "TRANSPORTATION":{
        "p":0.9222222222,
        "r":0.9540229885,
        "f":0.9378531073
      }
    },
    "tok2vec_loss":1390.2511142092,
    "ner_loss":1437.6111209779
  }
}